0,---
1,01_au_depart.mp4
2,---
3,---
4,---
5,05_baraque_a_frites.mp4
6,06_surnoms_assembles.mp4
7,07_bagdad_palace.mp4
8,---
9,09_la_route_de_la_banane.mp4
10,10_sandrine.mp4
11,---
12,12_montage_lictous_pollet_troc.mp4
13,---
14,14_luc_principal_montage.mp4
15,---
16,---
17,17_andree_louisette_perroquet_post_pr.mp4
18,18_gobes.mp4
19,19_camping_assemble.mp4
20,20_gobes_et_clando.mp4
21,21_ile_disloquee.mp4
22,---
23,---
24,---
25,---
26,26_jose.mp4
27,27_candidats.mp4
28,---
29,29_rideau.mp4
30,---
31,31_boucle_candidats.mp4
32,32_boucle_surnoms.mp3
33,32_boucle_surnoms.mp3
34,---
35,00_annonce_zone_video_standard.mp3
36,00_annonce_zone_video_standard.mp3
37,00_annonce_zone_video_standard.mp3
38,00_annonce_zone_video_standard.mp3
39,00_annonce_zone_video_standard.mp3
40,40_annonce_zone_video_parking_gobe.mp3
41,41_annonce_zone_video_camping.mp3
42,00_annonce_zone_video_standard.mp3
43,00_annonce_zone_video_standard.mp3
44,00_annonce_zone_video_standard.mp3
45,45_annonce_zone_video_dominique.mp3
46,---
47,00_annonce_zone_video_standard.mp3
48,00_annonce_zone_video_standard.mp3
49,00_annonce_zone_video_standard.mp3
50,00_annonce_zone_video_standard.mp3
51,51_nino_borne_du_16e.mp4
52,00_annonce_zone_video_standard.mp3
53,00_annonce_zone_video_standard.mp3
54,---
55,55_c_est_une_ile.mp3
56,56_coupee_en_deux.mp3










